CVE_ZM,NOM_ZM,CVE_ENT,NOM_ENT,CVE_MUN,NOM_MUN,POB_2015,POB_2020 proy,MC ,CF ,DIST_CC,TRAB_MUN,TRAB_MC,TRAB_OM,RES_MUN,RES_MC,RES_OM,POB_OANA,DMU_2010,DZC_ZM,PZC_ZM,PNDU,TIPO_MUN
1.01,Aguascalientes,1,Aguascalientes,1001,Aguascalientes,877190,961977,1,1,0,95.9,0.9,3.2,89.1,4.4,6.5,98.2,108.2,1,1,1,1
1.01,Aguascalientes,1,Aguascalientes,1005,Jesús María,120405,130184,1,1,0,58.3,34.9,6.8,83,9.7,7.3,94.7,75,1,1,1,1
1.01,Aguascalientes,1,Aguascalientes,1011,San Francisco de los Romo,46454,51568,0,0,13.2,63.9,31.4,4.7,48.8,23.6,27.7,92.9,83.3,1,1,1,2
2.01,Ensenada,2,Baja California,2001,Ensenada,486639,536143,1,0,0,99.5,0,0.5,99.3,0,0.7,82.6,54.3,n.a.,0,1,1
2.02,Mexicali,2,Baja California,2002,Mexicali,988417,1087478,1,0,0,99.4,0,0.6,99,0,1,93.2,59.3,n.a.,1,1,1
2.03,Tijuana,2,Baja California,2003,Tecate,102406,113857,0,0,21.6,96.9,2.6,0.6,95.3,3.8,0.9,96.3,47.4,1,1,1,3
2.03,Tijuana,2,Baja California,2004,Tijuana,1641570,1789531,1,0,0,99,0,1,98.7,0,1.3,99.6,89.3,1,1,1,1
2.03,Tijuana,2,Baja California,2005,Playas de Rosarito,96734,107859,0,0,2.5,86.2,12.8,0.9,90.8,8.8,0.4,96.9,38.4,1,1,1,2
3.01,La Paz,3,Baja California Sur,3003,La Paz,272711,301961,1,0,0,98.8,0,1.2,98.8,0,1.2,95.9,60.4,n.a.,1,1,1
4.01,Campeche,4,Campeche,4002,Campeche,283025,317424,1,0,0,96.8,0,3.2,91.3,0,8.7,94.7,69.3,1,1,1,1
5.04,Saltillo,5,Coahuila de Zaragoza,5004,Arteaga,23271,25477,0,0,1.5,79.6,19.4,1,49.6,49.6,0.8,72.5,25.3,0,1,1,3
5.02,Monclova-Frontera,5,Coahuila de Zaragoza,5006,Casta±os,28068,30568,0,0,2.5,67.9,30.4,1.7,80.7,17.9,1.4,96,28.2,0,1,1,2
5.01,La Laguna,5,Coahuila de Zaragoza,5009,Francisco I. Madero,58360,64483,0,0,16,77.5,17.7,4.7,89.2,3.6,7.3,81,46.3,0,1,1,3
5.02,Monclova-Frontera,5,Coahuila de Zaragoza,5010,Frontera,80991,87942,1,1,0,74.1,23.4,2.4,70.2,17.4,12.4,99.2,56.6,0,1,1,1
5.01,La Laguna,5,Coahuila de Zaragoza,5017,Matamoros,108950,119492,1,1,0,62.2,34.3,3.5,92.7,4.1,3.2,82.7,58.8,0,1,1,1
5.02,Monclova-Frontera,5,Coahuila de Zaragoza,5018,Monclova,231107,251346,1,1,0,91.7,6.1,2.2,86.2,7.4,6.4,99.5,55.6,0,1,1,1
5.03,Piedras Negras,5,Coahuila de Zaragoza,5022,Nava,30698,33101,1,1,0,81.5,13.4,5.1,69.7,13.8,16.6,96.2,38.6,0,1,1,1
5.03,Piedras Negras,5,Coahuila de Zaragoza,5025,Piedras Negras,163595,177255,1,1,0,96.7,2.8,0.5,92.5,2.2,5.3,98.7,59.4,0,1,1,1
5.04,Saltillo,5,Coahuila de Zaragoza,5027,Ramos Arizpe,92828,103252,1,1,0,83.7,13.3,3,41.5,56.2,2.3,95.9,71.6,0,1,1,1
5.04,Saltillo,5,Coahuila de Zaragoza,5030,Saltillo,807537,869184,1,1,0,83.3,13.4,3.3,95.9,1.8,2.2,98.7,82.9,0,1,1,1
5.02,Monclova-Frontera,5,Coahuila de Zaragoza,5031,San Buenaventura,23587,25820,0,0,11.5,50.8,45.1,4.1,91,3.2,5.8,95.1,29.5,0,1,1,2
5.01,La Laguna,5,Coahuila de Zaragoza,5035,Torreón,679288,744247,1,1,0,92.9,4.9,2.2,86.1,10.9,3,98.3,81.3,0,1,1,1
6.02,Tecomán,6,Colima,6001,Armería,29599,32363,1,1,0,82,6.8,11.2,92.7,3,4.3,69.6,44.7,0,0,1,1
6.01,Colima-Villa de álvarez,6,Colima,6002,Colima,150673,169188,1,1,0,90.2,3.8,5.9,62.6,27,10.4,95.2,62.7,1,1,1,1
6.01,Colima-Villa de álvarez,6,Colima,6003,Comala,21544,23902,0,0,1.5,60.2,34.9,4.9,80.2,17.8,2,79.4,38.9,0,1,1,2
6.01,Colima-Villa de álvarez,6,Colima,6004,Coquimatlán,20198,22167,0,0,2,68.8,27.1,4.1,83,14.9,2.1,66.5,50.1,0,1,1,3
6.01,Colima-Villa de álvarez,6,Colima,6005,Cuauhtémoc,30198,32829,0,0,19.1,74.3,20.8,4.9,86.7,9.6,3.7,74.7,39.4,0,1,1,3
6.02,Tecomán,6,Colima,6009,Tecomán,123191,134631,1,1,0,95.4,0.6,4.1,93.6,1.4,4.9,71.6,69.8,0,0,1,1
6.01,Colima-Villa de álvarez,6,Colima,6010,Villa de álvarez,136779,151019,1,1,0,52.1,39.1,8.8,89.4,6.6,4,96.8,85.3,1,1,1,1
7.02,Tuxtla Gutiérrez,7,Chiapas,7012,Berriozábal,51722,56971,0,0,5.9,63.5,31.7,4.8,92.8,3.8,3.5,85.7,61.9,0,1,1,2
7.02,Tuxtla Gutiérrez,7,Chiapas,7027,Chiapa de Corzo,100751,111223,1,1,0,61.8,33.2,5.1,94.4,2.9,2.7,80.5,64.3,0,1,1,1
7.02,Tuxtla Gutiérrez,7,Chiapas,7079,San Fernando,39204,42939,0,0,8.3,53.9,38.8,7.4,93.1,5.1,1.8,83.7,86.1,0,1,1,2
7.02,Tuxtla Gutiérrez,7,Chiapas,7086,Suchiapa,24049,26510,0,0,12.8,63.5,29.9,6.5,95,4,1,75,57.6,0,1,1,2
7.01,Tapachula,7,Chiapas,7089,Tapachula,348156,384312,1,0,0,97.5,0,2.5,93.1,0,6.9,90.9,70.6,n.a.,1,1,1
7.02,Tuxtla Gutiérrez,7,Chiapas,7101,Tuxtla Gutiérrez,598710,662591,1,1,0,95.7,0.3,4,86.3,4.4,9.3,98.9,84.9,0,1,1,1
8.01,Chihuahua,8,Chihuahua,8002,Aldama,24761,26197,0,0,12.1,71.9,26.4,1.7,96.8,2.9,0.3,85.2,47,0,1,1,2
8.01,Chihuahua,8,Chihuahua,8004,Aquiles Serdán,15516,19050,0,0,1.7,21.9,76.2,1.9,86.3,12.6,1,98.9,49.9,0,1,1,2
8.01,Chihuahua,8,Chihuahua,8019,Chihuahua,878062,949395,1,0,0,98.9,0,1.1,96.3,0,3.7,99.1,66.5,0,1,1,1
8.02,Delicias,8,Chihuahua,8021,Delicias,148045,160245,1,0,0,91.5,0,8.5,92.8,0,7.2,91.7,64.3,0,0,1,1
8.03,Hidalgo del Parral,8,Chihuahua,8032,Hidalgo del Parral,109510,117624,1,0,0,94.7,0,5.3,95.9,0,4.1,97.3,69.4,1,0,1,1
8.04,Juárez,8,Chihuahua,8037,Juárez,1391180,1464930,1,0,0,99.8,0,0.2,99.5,0,0.5,99.7,67.9,n.a.,1,1,1
8.02,Delicias,8,Chihuahua,8045,Meoqui,44752,48242,0,0,5.4,84.8,7.5,7.7,78.3,14.1,7.6,75.5,42.8,0,0,1,2
8.03,Hidalgo del Parral,8,Chihuahua,8059,San Francisco del Oro,5086,5502,0,0,15.7,78.2,11,10.8,73.1,15.3,11.6,92.9,28.6,1,0,1,3
9.01,Valle de México,9,Ciudad de México,9002,Azcapotzalco,400161,408441,1,1,0,52.3,46.5,1.3,43.8,54.3,1.9,100,189,1,1,1,1
9.01,Valle de México,9,Ciudad de México,9003,Coyoacán,608479,621952,1,1,0,54.1,45,0.9,41.8,57.1,1.2,99.9,194.4,1,1,1,1
9.01,Valle de México,9,Ciudad de México,9004,Cuajimalpa de Morelos,199224,199809,1,1,0,68.5,30.1,1.4,38.7,56.1,5.2,99.7,89.5,1,1,1,1
9.01,Valle de México,9,Ciudad de México,9005,Gustavo A. Madero,1164477,1176967,1,1,0,58.7,40.2,1,63.2,35.4,1.4,99.9,200.2,1,1,1,1
9.01,Valle de México,9,Ciudad de México,9006,Iztacalco,390348,393821,1,1,0,41.7,57.6,0.7,46.4,52.6,1,99.9,210.4,1,1,1,1
9.01,Valle de México,9,Ciudad de México,9007,Iztapalapa,1827868,1815551,1,1,0,61.6,37.8,0.6,72.1,26.8,1.1,99.8,215.4,1,1,1,1
9.01,Valle de México,9,Ciudad de México,9008,La Magdalena Contreras,243886,245147,1,1,0,47,52.6,0.4,64.6,34.3,1.1,99.7,162.3,1,1,1,1
9.01,Valle de México,9,Ciudad de México,9009,Milpa Alta,137927,139371,1,1,0,58.2,41.1,0.7,83.7,14.7,1.6,91.7,47.3,1,1,1,1
9.01,Valle de México,9,Ciudad de México,9010,álvaro Obregón,749982,755537,1,1,0,59,40.2,0.8,57,41.1,1.9,99.8,193.5,1,1,1,1
9.01,Valle de México,9,Ciudad de México,9011,Tláhuac,361593,366586,1,1,0,51.7,47.8,0.5,72.6,26.5,0.9,98.5,135.8,1,1,1,1
9.01,Valle de México,9,Ciudad de México,9012,Tlalpan,677104,682234,1,1,0,58.7,40.5,0.8,55.6,43.1,1.3,99.1,119.9,1,1,1,1
9.01,Valle de México,9,Ciudad de México,9013,Xochimilco,415933,418060,1,1,0,60.4,38.9,0.8,73,25.8,1.2,97.1,93.8,1,1,1,1
9.01,Valle de México,9,Ciudad de México,9014,Benito Juárez,417416,433708,1,1,0,51.4,47.7,0.9,32.1,66.5,1.4,99.9,157.1,1,1,1,1
9.01,Valle de México,9,Ciudad de México,9015,Cuauhtémoc,532553,548606,1,1,0,70.2,29.1,0.7,26.5,72.3,1.2,99.9,215.6,1,1,1,1
9.01,Valle de México,9,Ciudad de México,9016,Miguel Hidalgo,364439,379624,1,1,0,61.6,37.1,1.3,25.9,72.2,1.9,99.9,186.7,1,1,1,1
9.01,Valle de México,9,Ciudad de México,9017,Venustiano Carranza,427263,433231,1,1,0,49,50.2,0.9,40.1,58.5,1.4,99.9,209.5,1,1,1,1
10.01,Durango,10,Durango,10005,Durango,654876,695597,1,0,0,97.4,0,2.6,97.7,0,2.3,97.2,89.2,n.a.,0,1,1
5.01,La Laguna,10,Durango,10007,Gómez Palacio,342286,369760,1,1,0,85.2,13.5,1.3,81,17.3,1.6,91.2,82.2,0,1,1,1
5.01,La Laguna,10,Durango,10012,Lerdo,153311,164763,1,1,0,65.6,31.9,2.6,86.7,12.1,1.2,91,52.6,0,1,1,1
22.01,Querétaro,11,Guanajuato,11004,Apaseo el Alto,68455,72209,0,0,17.1,66.9,28.2,4.9,90.9,2,7,88.6,47.6,0,0,1,3
11.01,Celaya,11,Guanajuato,11007,Celaya,494304,530820,1,0,0,95.3,0,4.7,86.5,0,13.5,95.3,90.8,1,1,1,1
11.01,Celaya,11,Guanajuato,11009,Comonfort,82572,87191,0,0,15,69.9,19.3,10.8,97.6,1.3,1.1,85,47.3,1,1,1,3
11.01,Celaya,11,Guanajuato,11011,Cortazar,95961,101319,0,0,11.9,76.3,14,9.6,87.5,2.2,10.3,86.2,85.6,1,0,1,3
11.02,Guanajuato,11,Guanajuato,11015,Guanajuato,184239,198035,1,0,0,85.3,0,14.7,84.2,0,15.8,96.9,83.8,n.a.,1,1,1
11.03,León,11,Guanajuato,11020,León,1578626,1679610,1,0,0,98.1,0,1.9,97,0,3,99,129.4,1,0,1,1
11.04,Moroleón-Uriangato,11,Guanajuato,11021,Moroleón,50377,54378,1,1,0,92.6,5,2.5,72.1,12.6,15.4,96.8,69.7,0,1,1,1
16.01,La Piedad-Pénjamo,11,Guanajuato,11023,Pénjamo,150570,159968,1,1,0,89.8,5.3,4.9,93.8,3.4,2.8,72.7,52.4,1,0,1,1
11.05,San Francisco del Rincón,11,Guanajuato,11025,Purísima del Rincón,79798,86012,1,0,0,75.5,22.2,2.3,87.4,7.4,5.2,96.8,58.1,1,1,1,1
11.05,San Francisco del Rincón,11,Guanajuato,11031,San Francisco del Rincón,119510,125904,1,0,0,91.3,4.2,4.6,78.2,12.4,9.4,94.3,68.7,1,1,1,1
11.03,León,11,Guanajuato,11037,Silao de la Victoria,189567,201020,0,0,15.2,87.4,7.6,5,69.6,5.1,25.3,92.4,79.2,1,0,1,3
11.04,Moroleón-Uriangato,11,Guanajuato,11041,Uriangato,62761,67184,1,1,0,84.5,13.2,2.3,91.1,4.4,4.6,96.2,70,0,1,1,1
11.01,Celaya,11,Guanajuato,11044,Villagrán,58830,62918,0,0,12.3,65.7,20.2,14.1,79.9,4.6,15.5,90.1,78.8,1,1,1,2
12.01,Acapulco,12,Guerrero,12001,Acapulco de Juárez,810669,840795,1,0,0,99,0,1,97.9,0,2.1,96.5,100.2,0,1,1,1
12.01,Acapulco,12,Guerrero,12021,Coyuca de Benítez,76306,78931,0,0,17.9,87.3,11,1.6,96.9,1,2.2,64.1,43.1,0,1,1,3
12.02,Chilpancingo,12,Guerrero,12029,Chilpancingo de los Bravo,273106,284330,1,0,0,96.2,0,3.8,90.6,0,9.4,93.5,90.3,0,0,1,1
12.02,Chilpancingo,12,Guerrero,12075,Eduardo Neri,51316,52924,0,0,8.6,74.3,19.6,6,93.7,2.7,3.5,85.4,88.3,0,0,1,2
13.02,Tula,13,Hidalgo,13010,Atitalaquia,29683,32226,0,0,6.5,79,7.6,13.4,59.2,7.3,33.4,92.8,23,1,1,1,2
13.02,Tula,13,Hidalgo,13013,Atotonilco de Tula,38564,41039,0,0,9.6,67.4,6.1,26.5,76.3,2.7,21,97.7,15.1,1,1,1,3
13.03,Tulancingo,13,Hidalgo,13016,Cuautepec de Hinojosa,58301,62361,1,1,0,77.7,16.7,5.7,94,4.2,1.8,86.2,18.8,1,0,1,1
13.01,Pachuca,13,Hidalgo,13022,Epazoyucan,14693,16053,0,0,10.5,57.2,38.1,4.7,87.2,8.4,4.5,90.7,15.7,1,1,1,3
13.01,Pachuca,13,Hidalgo,13039,Mineral del Monte,14640,15737,0,0,2.8,50.6,43.8,5.5,87.3,6.3,6.5,97.9,39.9,1,0,1,2
13.01,Pachuca,13,Hidalgo,13048,Pachuca de Soto,277375,280312,1,1,0,91,1.5,7.6,64.1,15.1,20.9,99.3,86.4,1,1,1,1
13.01,Pachuca,13,Hidalgo,13051,Mineral de la Reforma,150176,185907,1,1,0,51.6,39.5,8.9,92.3,4.8,2.9,99.7,83.8,1,1,1,1
13.01,Pachuca,13,Hidalgo,13052,San Agustín Tlaxiaca,36079,39180,0,0,10.1,56.5,31.1,12.4,83,11.2,5.7,94.6,9.6,1,1,1,3
13.03,Tulancingo,13,Hidalgo,13056,Santiago Tulantepec de Lugo Guerrero,37292,40098,1,1,0,54.3,38.3,7.4,91.7,7.6,0.7,96.5,39,1,0,1,1
9.01,Valle de México,13,Hidalgo,13069,Tizayuca,119442,137165,0,0,9.4,67.2,27.6,5.1,64.6,15.9,19.5,98.4,57.5,1,1,1,2
13.02,Tula,13,Hidalgo,13070,Tlahuelilpan,19389,20742,0,0,10.1,63.1,11.7,25.2,73.7,1.4,24.9,89.1,44.6,1,1,1,3
13.02,Tula,13,Hidalgo,13074,Tlaxcoapan,28490,30727,0,0,9.7,62.8,10,27.2,78.9,0.7,20.4,87.9,27.7,1,1,1,3
13.02,Tula,13,Hidalgo,13076,Tula de Allende,109093,118824,1,0,0,87.6,0,12.4,72.2,0,27.8,95.9,33.9,1,1,1,1
13.03,Tulancingo,13,Hidalgo,13077,Tulancingo de Bravo,161069,169624,1,1,0,91.8,1.3,6.9,81.9,11.2,6.9,94.6,76.7,1,0,1,1
13.01,Pachuca,13,Hidalgo,13082,Zapotlán de Juárez,18748,20402,0,0,4.5,69.3,19,11.8,86.7,3.9,9.5,96.3,17.3,1,1,1,3
13.01,Pachuca,13,Hidalgo,13083,Zempoala,45382,50540,0,0,17.2,58.2,26.8,15,90,4.6,5.3,93.7,21.5,1,1,1,3
14.01,Guadalajara,14,Jalisco,14002,Acatlán de Juárez,22261,24131,0,0,18.4,63.2,30.7,6.2,86,4.1,9.9,90.2,45.4,0,0,1,3
14.01,Guadalajara,14,Jalisco,14039,Guadalajara,1460148,1503505,1,1,0,86.4,12.8,0.9,64.9,31,4.1,99.7,149.5,1,1,1,1
14.01,Guadalajara,14,Jalisco,14044,Ixtlahuacán de los Membrillos,53045,59970,0,0,13.1,51.4,44.5,4.1,85.6,10.6,3.9,94.8,60.6,0,1,1,2
14.02,Ocotlán,14,Jalisco,14047,Jamay,24753,26504,0,0,4.6,75.6,17.9,6.5,93.2,4.2,2.6,77,74.6,0,1,1,2
14.01,Guadalajara,14,Jalisco,14051,Juanacatlán,17955,19203,0,0,7.9,44.4,48.9,6.8,88.5,9.1,2.4,93.9,44.1,1,1,1,2
14.02,Ocotlán,14,Jalisco,14063,Ocotlán,99461,106059,1,1,0,91.9,3.1,5,88.6,3.4,8,93.2,85.6,1,0,1,1
14.02,Ocotlán,14,Jalisco,14066,Poncitlán,51944,55191,1,1,0,75.1,8.1,16.8,82.8,7.8,9.4,78.5,55.6,1,0,1,1
14.03,Puerto Vallarta,14,Jalisco,14067,Puerto Vallarta,275640,299434,1,1,0,95.5,4.1,0.5,90.6,7.4,1.9,98.4,86.8,1,0,1,1
14.01,Guadalajara,14,Jalisco,14070,El Salto,183437,200159,1,1,0,67.9,31,1.1,57.9,35.6,6.5,99.4,72,1,1,1,1
14.01,Guadalajara,14,Jalisco,14097,Tlajomulco de Zú±iga,549442,644175,1,1,0,53.6,45,1.4,76,21.2,2.8,97.5,95,1,1,1,1
14.01,Guadalajara,14,Jalisco,14098,San Pedro Tlaquepaque,664193,708568,1,1,0,55,43.9,1.2,73.5,25.9,0.6,99.2,122.4,1,1,1,1
14.01,Guadalajara,14,Jalisco,14101,Tonalá,536111,577668,1,1,0,48.4,49.6,2,86.2,13.3,0.6,99.1,127.9,1,1,1,1
14.01,Guadalajara,14,Jalisco,14120,Zapopan,1332272,1433360,1,1,0,81.3,17.7,1.1,76,22.3,1.7,98.9,110.2,1,1,1,1
14.01,Guadalajara,14,Jalisco,14124,Zapotlanejo,68519,72439,0,0,12.5,95.7,3.4,0.9,88.4,9.7,1.9,84.4,53.9,1,0,1,2
9.01,Valle de México,15,México,15002,Acolman,152506,186256,1,1,0,60.1,37.5,2.4,85.7,12.6,1.7,99.3,78.8,1,1,1,1
15.02,Toluca,15,México,15005,Almoloya de Juárez,176237,188124,1,1,0,46.1,47.2,6.7,82.9,8.2,8.9,93.4,45.4,1,1,1,1
15.01,Tianguistenco,15,México,15006,Almoloya del Río,11126,12169,1,0,0,66.6,18.1,15.2,86.8,8.2,5,97.7,46.8,1,0,1,1
9.01,Valle de México,15,México,15009,Amecameca,50904,54548,0,0,17.7,75.4,18,6.6,78.7,4.8,16.5,89.1,45.9,1,1,1,3
9.01,Valle de México,15,México,15010,Apaxco,29347,31576,0,0,28.2,81.8,4.4,13.8,85.5,3,11.5,97,40.3,1,1,1,3
9.01,Valle de México,15,México,15011,Atenco,62392,70016,1,1,0,53.7,44.3,2,87.4,12.4,0.3,96.9,52.1,1,1,1,1
15.01,Tianguistenco,15,México,15012,Atizapán,11875,12511,1,0,0,62.8,20.7,16.5,7,1.6,91.5,95.9,52.1,1,0,1,1
9.01,Valle de México,15,México,15013,Atizapán de Zaragoza,523296,557108,1,1,0,60.6,37.8,1.6,92.7,6.4,0.9,99.8,130.8,1,1,1,1
9.01,Valle de México,15,México,15015,Atlautla,30945,32674,0,0,30.5,75.5,8,16.5,91.5,1.6,6.9,66.3,37.7,1,1,1,3
9.01,Valle de México,15,México,15016,Axapusco,27709,30040,0,0,31.4,66.1,10,23.9,85.9,6.2,7.9,85.9,23.6,1,1,1,3
9.01,Valle de México,15,México,15017,Ayapango,9863,11081,0,0,18.7,62.2,15.9,21.9,88.2,2.3,9.5,82.1,29,1,1,1,3
15.02,Toluca,15,México,15018,Calimaya,56574,60309,1,1,0,48.1,40.2,11.7,87.1,7,5.9,89,57.9,1,0,1,1
15.01,Tianguistenco,15,México,15019,Capulhuac,35495,38196,1,0,0,45.6,14.7,39.7,77.1,12.6,10.3,97.6,53.9,1,0,1,1
9.01,Valle de México,15,México,15020,Coacalco de Berriozábal,284462,310743,1,1,0,51,47.1,1.9,68.6,30.5,0.9,99.8,161.2,1,1,1,1
9.01,Valle de México,15,México,15022,Cocotitlán,14414,15387,0,0,3,51.7,40.9,7.4,88.7,5.4,5.9,93.7,52.3,1,1,1,2
9.01,Valle de México,15,México,15023,Coyotepec,41810,44201,1,1,0,47.7,45.9,6.3,88.1,8.9,3.1,98,48.6,1,1,1,1
9.01,Valle de México,15,México,15024,Cuautitlán,149550,175004,1,1,0,53.6,43.3,3.1,36.5,57.6,5.9,99.3,125,1,1,1,1
9.01,Valle de México,15,México,15025,Chalco,343701,397344,1,1,0,66.8,31,2.2,74.9,16.9,8.2,97.1,96.5,1,1,1,1
15.02,Toluca,15,México,15027,Chapultepec,11764,12986,0,0,1.1,37.3,47.7,14.9,27.6,7.9,64.4,96.1,46.7,1,0,1,2
9.01,Valle de México,15,México,15028,Chiautla,29159,31803,1,1,0,55.3,42.6,2,85.1,14.3,0.6,97.4,22.8,1,1,1,1
9.01,Valle de México,15,México,15029,Chicoloapan,204107,226911,1,1,0,44.6,54.1,1.2,88.7,11.2,0.2,99.6,150.4,1,1,1,1
9.01,Valle de México,15,México,15030,Chiconcuac,25543,27570,1,1,0,79.8,18.9,1.3,61.9,36.4,1.7,98.6,51.4,1,1,1,1
9.01,Valle de México,15,México,15031,Chimalhuacán,679811,720207,1,1,0,59.7,38.5,1.8,92.7,7,0.4,99.9,159.1,1,1,1,1
9.01,Valle de México,15,México,15033,Ecatepec de Morelos,1677678,1707754,1,1,0,70.9,28.1,1,83.4,15,1.7,99.7,164.6,1,1,1,1
9.01,Valle de México,15,México,15034,Ecatzingo,9414,10090,0,0,40.6,78.5,7.6,13.9,95.1,0,4.9,65,11.2,1,1,1,3
9.01,Valle de México,15,México,15035,Huehuetoca,128486,147326,0,0,2.8,58.9,36.5,4.7,81.3,13.2,5.4,99.5,76.8,1,1,1,2
9.01,Valle de México,15,México,15036,Hueypoxtla,43784,46742,0,0,30.3,58.4,16.2,25.5,93.6,3.2,3.2,93.2,20.2,1,1,1,3
9.01,Valle de México,15,México,15037,Huixquilucan,267858,290231,1,1,0,65.4,32.4,2.2,79,18.6,2.5,99.2,100.4,1,1,1,1
9.01,Valle de México,15,México,15038,Isidro Fabela,11726,12512,0,0,10.4,49.1,36.7,14.2,84.7,12.5,2.8,88.7,17.6,1,1,1,3
9.01,Valle de México,15,México,15039,Ixtapaluca,495563,551034,1,1,0,59.1,39.9,1.1,87.4,10.7,1.9,98.9,142.4,1,1,1,1
15.01,Tianguistenco,15,México,15043,Xalatlaco,29572,32120,1,0,0,65.7,16.2,18.1,85.8,10.6,3.7,86.9,63.1,1,0,1,1
9.01,Valle de México,15,México,15044,Jaltenco,27825,29179,1,1,0,50.2,47,2.7,84.4,15.2,0.4,99,157.7,1,1,1,1
9.01,Valle de México,15,México,15046,Jilotzingo,19013,20713,0,0,7.7,53.6,42.9,3.4,91.8,2.2,5.9,95.8,20.8,1,1,1,2
9.01,Valle de México,15,México,15050,Juchitepec,25436,27241,0,0,23.5,77.5,12.8,9.7,91.6,1.4,7,69.5,72.7,1,1,1,3
15.02,Toluca,15,México,15051,Lerma,146654,159948,1,1,0,75.1,16.5,8.4,56.9,30.8,12.3,97.7,43.9,1,1,1,1
9.01,Valle de México,15,México,15053,Melchor Ocampo,57152,61172,1,1,0,45.6,51.7,2.7,96.8,2.8,0.5,97.5,65.9,1,1,1,1
15.02,Toluca,15,México,15054,Metepec,227827,246055,1,1,0,64.1,30.5,5.4,70.6,21.5,7.9,99.1,83.8,1,1,1,1
15.02,Toluca,15,México,15055,Mexicaltzingo,12796,13744,1,1,0,58.1,29.6,12.3,72.1,13.5,14.4,97.5,57.7,1,0,1,1
9.01,Valle de México,15,México,15057,Naucalpan de Juárez,844219,910187,1,1,0,75.9,22.3,1.8,65.1,31.9,3,99.7,192.8,1,1,1,1
9.01,Valle de México,15,México,15058,Nezahualcóyotl,1039867,1135786,1,1,0,59.3,39.9,0.8,81,18.3,0.7,99.9,226.8,1,1,1,1
9.01,Valle de México,15,México,15059,Nextlalpan,39666,43640,1,1,0,53.9,43.2,3,83.8,15.4,0.9,97.6,31.5,1,1,1,1
9.01,Valle de México,15,México,15060,Nicolás Romero,410118,441064,1,1,0,49.5,37.8,12.8,94.5,3.8,1.8,98.4,86.5,1,1,1,1
9.01,Valle de México,15,México,15061,Nopaltepec,8960,9753,0,0,27.4,77.8,11,11.3,90.1,1.1,8.7,82.5,15.8,1,1,1,3
15.02,Toluca,15,México,15062,Ocoyoacac,66190,71711,0,0,2.5,66.9,21.1,12.1,80.4,9.7,10,96,59.9,1,1,1,2
9.01,Valle de México,15,México,15065,Otumba,35274,38186,0,0,15.8,80.5,11.8,7.7,81.5,6.3,12.2,79.4,22,1,1,1,3
15.02,Toluca,15,México,15067,Otzolotepec,84519,90805,1,1,0,48.7,42.3,9,87.1,4.1,8.7,94.1,28,1,0,1,1
9.01,Valle de México,15,México,15068,Ozumba,29114,31154,0,0,28,77.8,6.5,15.7,76.8,2,21.1,82.1,46.1,1,1,1,3
9.01,Valle de México,15,México,15069,Papalotla,3963,4367,1,1,0,59,39.8,1.2,74.8,24.4,0.8,97.4,19.4,1,1,1,1
9.01,Valle de México,15,México,15070,La Paz,293725,309596,1,1,0,50,48.5,1.5,75.7,23.4,1,99.9,134.7,1,1,1,1
15.02,Toluca,15,México,15072,Rayón,13261,14608,0,0,5.8,43.7,31.7,24.6,68.7,5.9,25.4,92.3,62.3,1,0,1,2
15.02,Toluca,15,México,15073,San Antonio la Isla,27230,31682,0,0,4.1,37.1,49.6,13.3,73.5,12,14.5,96.5,81.3,1,0,1,2
9.01,Valle de México,15,México,15075,San Martín de las Pirámides,26960,29145,0,0,7.1,73,19.5,7.5,82.6,9.1,8.3,90.2,43,1,1,1,2
15.02,Toluca,15,México,15076,San Mateo Atenco,75511,80903,1,1,0,59.1,35,6,78.1,16.5,5.4,99.4,49.6,1,1,1,1
9.01,Valle de México,15,México,15081,Tecámac,446008,500585,1,1,0,50.6,46.6,2.8,82.5,12.5,5,99.4,98.2,1,1,1,1
9.01,Valle de México,15,México,15083,Temamatla,12984,13690,0,0,6,76.5,18.8,4.6,77.9,7.1,15,93.5,37.2,1,1,1,2
9.01,Valle de México,15,México,15084,Temascalapa,38622,41685,0,0,14.2,58,18.4,23.6,93.4,2.2,4.4,93.4,21.7,1,1,1,2
15.02,Toluca,15,México,15087,Temoaya,103834,109436,0,0,12,56.2,36.2,7.6,89.4,6.5,4.1,91,33.5,1,0,1,2
9.01,Valle de México,15,México,15089,Tenango del Aire,12470,13344,0,0,12,60.8,23.7,15.6,92.5,2.5,5,81.1,41,1,1,1,2
15.02,Toluca,15,México,15090,Tenango del Valle,86380,92048,0,0,9,67.7,16.2,16.1,84.3,5.2,10.6,74.2,54.8,1,1,1,3
9.01,Valle de México,15,México,15091,Teoloyucan,66518,69466,1,1,0,54.6,40.2,5.2,74.6,19.4,6,96.7,44.2,1,1,1,1
9.01,Valle de México,15,México,15092,Teotihuacán,56993,60992,1,1,0,73.8,19.1,7.1,80.2,11.3,8.5,96.4,37.1,1,1,1,1
9.01,Valle de México,15,México,15093,Tepetlaoxtoc,30680,33108,1,1,0,65,33,2,91.2,8.3,0.5,91.4,15.5,1,1,1,1
9.01,Valle de México,15,México,15094,Tepetlixpa,19843,21137,0,0,31.2,73.5,6.5,20,84.2,1.9,13.9,69.8,32.2,1,1,1,3
9.01,Valle de México,15,México,15095,Tepotzotlán,94198,104335,1,1,0,68.1,29.4,2.5,59.6,33,7.4,98.4,55.4,1,1,1,1
9.01,Valle de México,15,México,15096,Tequixquiac,36902,39658,0,0,19.3,69.7,17.4,12.9,90.2,4.8,5,92.8,18.7,1,1,1,3
15.01,Tianguistenco,15,México,15098,Texcalyacac,5246,5711,0,0,2,49.4,29.4,21.2,80.3,9.1,10.6,88.1,27.7,1,0,1,2
9.01,Valle de México,15,México,15099,Texcoco,240749,262015,1,1,0,85.6,12.5,1.9,74.4,22.9,2.7,96.3,45.9,1,1,1,1
9.01,Valle de México,15,México,15100,Tezoyuca,41333,46527,1,1,0,54.6,43.8,1.6,80.6,18.7,0.7,99,37,1,1,1,1
15.01,Tianguistenco,15,México,15101,Tianguistenco,77147,82457,1,0,0,74.3,6.8,18.9,63.6,13.9,22.4,91.6,61.6,1,0,1,1
9.01,Valle de México,15,México,15103,Tlalmanalco,47390,51370,0,0,11.8,58.3,34.6,7.1,86.2,8.4,5.4,95.6,53.5,1,1,1,2
9.01,Valle de México,15,México,15104,Tlalnepantla de Baz,700734,756537,1,1,0,59.3,38.5,2.2,53.6,44.2,2.1,99.9,155.4,1,1,1,1
15.02,Toluca,15,México,15106,Toluca,873536,948950,1,1,0,89.9,5.8,4.3,65.5,20.6,14,98.6,72.3,1,1,1,1
9.01,Valle de México,15,México,15108,Tultepec,150182,160943,1,1,0,44.8,52.2,3,82.2,16.7,1.1,99.7,110.2,1,1,1,1
9.01,Valle de México,15,México,15109,Tultitlán,520557,556493,1,1,0,55.5,41.8,2.7,74.6,24.1,1.3,99.7,155.6,1,1,1,1
9.01,Valle de México,15,México,15112,Villa del Carbón,47151,50614,0,0,21.6,73.3,16.5,10.3,93.2,2.4,4.4,78.4,21.6,1,1,1,3
15.02,Toluca,15,México,15115,Xonacatlán,51646,54531,0,0,5.4,60.2,33.4,6.4,79.5,17.2,3.3,95.6,43.3,1,1,1,2
15.02,Toluca,15,México,15118,Zinacantepec,188927,201988,1,1,0,48.5,48.2,3.4,89.4,9,1.6,95.1,47.9,1,1,1,1
9.01,Valle de México,15,México,15120,Zumpango,199069,217166,1,1,0,62.7,28,9.3,80.9,11.9,7.2,97.3,45,1,1,1,1
9.01,Valle de México,15,México,15121,Cuautitlán Izcalli,531041,577190,1,1,0,70,26.9,3.1,74.4,23.5,2.1,99.8,126.5,1,1,1,1
9.01,Valle de México,15,México,15122,Valle de Chalco Solidaridad,396157,419700,1,1,0,56.2,42.8,1,94.6,4.4,1,99.6,158.7,1,1,1,1
9.01,Valle de México,15,México,15125,Tonanitla,9728,10960,1,1,0,44.4,53.1,2.5,87.4,11.5,1.1,95.6,56.4,1,0,1,1
16.02,Morelia,16,Michoacán de Ocampo,16022,Charo,21784,23273,0,0,8.5,59,38.6,2.4,79.3,17.9,2.8,79.4,34.2,1,1,1,2
16.03,Zamora,16,Michoacán de Ocampo,16043,Jacona,69744,72669,1,1,0,81.5,15.2,3.3,90.6,4.9,4.5,73.2,71.6,1,1,1,1
16.02,Morelia,16,Michoacán de Ocampo,16053,Morelia,784776,825585,1,1,0,97,0.2,2.8,90.5,5.4,4,96.8,92.8,1,1,1,1
16.01,La Piedad-Pénjamo,16,Michoacán de Ocampo,16069,La Piedad,103702,110385,1,1,0,92.1,3.5,4.4,91.4,5.6,3,91.1,78.2,1,0,1,1
16.02,Morelia,16,Michoacán de Ocampo,16088,Tarímbaro,105400,119032,1,1,0,46.5,49.2,4.3,95.2,3.9,0.9,90.6,98.7,1,1,1,1
16.03,Zamora,16,Michoacán de Ocampo,16108,Zamora,196208,207985,1,1,0,96.4,1.5,2,89.5,4.9,5.6,78.6,104.4,1,1,1,1
17.01,Cuautla,17,Morelos,17002,Atlatlahucan,22079,24153,0,0,6,72.9,17.2,9.9,82.5,9.2,8.3,84.5,29.3,1,1,1,2
17.01,Cuautla,17,Morelos,17004,Ayala,85521,91043,1,1,0,68.3,24.5,7.1,83.1,13.9,2.9,77.8,50.4,1,1,1,1
17.01,Cuautla,17,Morelos,17006,Cuautla,194786,208227,1,1,0,86.6,5.3,8.1,78.2,12.1,9.8,91.8,58.2,1,1,1,1
17.02,Cuernavaca,17,Morelos,17007,Cuernavaca,366321,399426,1,1,0,93.4,3.8,2.7,65,25,10,99.3,73.6,1,1,1,1
17.02,Cuernavaca,17,Morelos,17008,Emiliano Zapata,99493,106645,1,1,0,57.2,39,3.8,79.4,16.6,4.1,97.1,56.6,1,1,1,1
17.02,Cuernavaca,17,Morelos,17009,Huitzilac,19231,20372,0,0,6.9,72.3,23.4,4.3,93.8,4.3,1.9,87.1,30,1,0,1,2
17.02,Cuernavaca,17,Morelos,17011,Jiutepec,214137,227649,1,1,0,65.4,31.8,2.8,80.6,15.5,3.9,97.9,93.9,1,1,1,1
17.02,Cuernavaca,17,Morelos,17018,Temixco,116143,123812,1,1,0,59.6,37.2,3.2,79.8,17.7,2.5,96.6,59.3,1,1,1,1
17.02,Cuernavaca,17,Morelos,17020,Tepoztlán,46946,51373,1,1,0,66.4,27.8,5.8,91.1,3.5,5.3,88.9,58.8,1,0,1,1
17.02,Cuernavaca,17,Morelos,17024,Tlaltizapán de Zapata,52110,55553,0,0,10.1,61,15.9,23.1,90.6,1,8.5,85.2,38.1,0,0,1,2
17.01,Cuautla,17,Morelos,17026,Tlayacapan,17714,19129,0,0,12.2,72.3,5.3,22.3,83.4,2.7,13.9,75.4,51.6,1,1,1,3
17.02,Cuernavaca,17,Morelos,17028,Xochitepec,68984,74691,1,1,0,60.6,34,5.4,75.8,14.7,9.5,94.6,43.2,1,0,1,1
17.01,Cuautla,17,Morelos,17029,Yautepec,102690,109914,0,0,9.5,78.5,5.5,16,82.1,6.9,11,92.5,42.4,1,1,1,3
17.01,Cuautla,17,Morelos,17030,Yecapixtla,52651,56334,1,1,0,68.8,22.8,8.4,80.8,10.6,8.6,84,46.7,1,1,1,1
18.01,Tepic,18,Nayarit,18008,Xalisco,57418,62038,1,1,0,49.8,43.9,6.4,89.5,9.7,0.8,85.2,71.3,1,1,1,1
18.01,Tepic,18,Nayarit,18017,Tepic,413608,445889,1,1,0,94.8,0.7,4.5,92.3,5.6,2.1,96.1,89.6,1,1,1,1
14.03,Puerto Vallarta,18,Nayarit,18020,Bahía de Banderas,150250,174510,1,1,0,84.1,14.7,1.2,89.8,8.1,2.1,94,77.4,1,0,1,1
19.01,Monterrey,19,Nuevo León,19001,Abasolo,2639,2918,0,0,13,34.1,56.8,9.2,57.7,13.3,29,98.8,17.4,0,0,1,3
19.01,Monterrey,19,Nuevo León,19006,Apodaca,597207,665734,1,1,0,53.1,43.8,3.1,57.9,32.1,10,99.7,127.3,1,1,1,1
19.01,Monterrey,19,Nuevo León,19009,Cadereyta Jiménez,95534,105145,0,0,5,86.2,12.4,1.4,83.8,13.7,2.5,95.5,56,0,0,1,2
19.01,Monterrey,19,Nuevo León,19010,El Carmen,38306,47326,1,1,0,32.1,62.5,5.4,55.8,25.7,18.5,99.1,43.4,0,0,1,1
19.01,Monterrey,19,Nuevo León,19012,Ciénega de Flores,42715,50563,0,0,15.8,63.8,33.4,2.8,38.9,46.7,14.4,99,54.7,0,0,1,3
19.01,Monterrey,19,Nuevo León,19018,García,247370,300745,1,1,0,36.5,62.5,1,62.3,36.5,1.2,99.6,104.2,1,1,1,1
19.01,Monterrey,19,Nuevo León,19019,San Pedro Garza García,123156,137614,1,1,0,67,31.8,1.2,26.7,72.3,0.9,99.7,59.4,1,1,1,1
19.01,Monterrey,19,Nuevo León,19021,General Escobedo,425148,466325,1,1,0,41.2,55.1,3.7,64.8,31.1,4.1,99.8,113,1,1,1,1
19.01,Monterrey,19,Nuevo León,19025,General Zuazua,67294,91913,0,0,14.8,33.8,51,15.2,82.1,13.8,4.1,99.1,109,0,0,1,2
19.01,Monterrey,19,Nuevo León,19026,Guadalupe,682880,710413,1,1,0,50.8,47.2,1.9,65.2,32.4,2.4,99.8,107.1,1,1,1,1
19.01,Monterrey,19,Nuevo León,19031,Juárez,333481,396864,1,1,0,33.3,64,2.8,83.1,14.7,2.2,99.5,112.3,1,1,1,1
19.01,Monterrey,19,Nuevo León,19039,Monterrey,1109171,1124835,1,1,0,82.9,16.1,0.9,53.8,42.1,4.1,99.8,107.7,1,1,1,1
19.01,Monterrey,19,Nuevo León,19041,Pesquería,87168,112583,0,0,1.6,29.6,68.9,1.5,58.9,37.7,3.4,99,33.9,0,0,1,2
19.01,Monterrey,19,Nuevo León,19045,Salinas Victoria,54192,61868,1,1,0,59.4,30.1,10.5,68.3,24.5,7.2,97,40.9,0,0,1,1
19.01,Monterrey,19,Nuevo León,19046,San Nicolás de los Garza,430143,474163,1,1,0,47.4,50.3,2.3,46.1,50.8,3.1,99.8,116.5,1,1,1,1
19.01,Monterrey,19,Nuevo León,19047,Hidalgo,13836,15902,0,0,15.5,46.1,45.1,8.8,82.1,13.7,4.2,98.7,19.1,0,0,1,3
19.01,Monterrey,19,Nuevo León,19048,Santa Catarina,296954,322051,1,1,0,52.8,46.6,0.6,64.2,35.3,0.5,99.8,126.5,1,1,1,1
19.01,Monterrey,19,Nuevo León,19049,Santiago,42407,46955,1,1,0,77.2,20,2.7,83.5,12.6,3.9,95.3,18.2,0,0,1,1
20.01,Oaxaca,20,Oaxaca,20045,Magdalena Apasco,8303,9300,0,0,9,43,39.5,17.4,61.1,5.2,33.7,94.9,19.2,0,0,1,3
20.01,Oaxaca,20,Oaxaca,20063,Nazareno Etla,3910,4234,0,0,5.2,48.7,35.6,15.7,73.6,7.3,19.1,93.9,19.8,0,0,1,3
20.01,Oaxaca,20,Oaxaca,20067,Oaxaca de Juárez,264251,258636,1,1,0,92,4.3,3.7,53.1,27.9,19,99.4,75.1,1,1,1,1
20.02,Tehuantepec,20,Oaxaca,20079,Salina Cruz,89211,92577,1,0,0,96,0,4,78.3,0,21.8,97.9,50.6,1,1,1,1
20.01,Oaxaca,20,Oaxaca,20083,San Agustín de las Juntas,9342,10151,1,1,0,39.2,53.3,7.5,74.3,17.9,7.8,97.5,33.4,1,1,1,1
20.01,Oaxaca,20,Oaxaca,20087,San Agustín Yatareni,4334,4610,1,1,0,74.9,23.4,1.6,72.8,22.4,4.8,91.3,16.2,1,1,1,1
20.01,Oaxaca,20,Oaxaca,20091,San Andrés Huayápam,5336,5655,1,1,0,35.8,58,6.2,73.9,20,6.1,97.8,26.7,1,1,1,1
20.01,Oaxaca,20,Oaxaca,20107,San Antonio de la Cal,23038,25602,1,1,0,45.3,47.8,6.8,78.1,17.8,4.1,98.1,59.8,1,1,1,1
20.01,Oaxaca,20,Oaxaca,20115,San Bartolo Coyotepec,9105,10186,1,1,0,57,33.7,9.3,27.6,51.8,20.6,95.4,34.8,1,1,1,1
20.02,Tehuantepec,20,Oaxaca,20124,San Blas Atempa,18406,18929,0,1,7.1,76.6,11.3,12.1,96.7,0,3.3,75.6,103.8,1,1,1,3
20.01,Oaxaca,20,Oaxaca,20157,San Jacinto Amilpas,15720,18293,1,1,0,32,61.1,6.9,63.8,29.5,6.7,99.1,37.8,1,1,1,1
20.01,Oaxaca,20,Oaxaca,20174,ánimas Trujano,3917,4207,1,1,0,30.4,62.1,7.5,64.9,24.2,10.9,95.6,27.8,1,1,1,1
20.01,Oaxaca,20,Oaxaca,20227,San Lorenzo Cacaotepec,15735,16630,1,1,0,47,43.2,9.8,78.1,6.7,15.2,90.8,17.4,0,0,1,1
20.01,Oaxaca,20,Oaxaca,20293,San Pablo Etla,15993,19200,1,1,0,34.9,55.3,9.9,74.3,11.3,14.4,97.4,93.4,1,1,1,1
20.02,Tehuantepec,20,Oaxaca,20308,San Pedro Huilotepec,3146,3271,0,0,3.6,51.7,41.4,6.9,90.7,1.3,8,85.4,23,0,0,1,2
20.01,Oaxaca,20,Oaxaca,20338,Villa de Etla,10737,11426,0,0,2.9,56,32.4,11.6,65.1,9.8,25.1,96.4,29.9,0,0,1,2
20.01,Oaxaca,20,Oaxaca,20350,San Sebastián Tutla,18195,19272,1,1,0,27.2,64.9,7.9,62.5,33.1,4.4,98.6,107.3,1,1,1,1
20.01,Oaxaca,20,Oaxaca,20375,Santa Cruz Amilpas,12814,13683,1,1,0,28,65.7,6.4,75.8,21,3.1,99.1,84.6,1,1,1,1
20.01,Oaxaca,20,Oaxaca,20385,Santa Cruz Xoxocotlán,93188,98970,1,1,0,46.7,46,7.3,79,13.1,7.8,97.9,53.8,1,1,1,1
20.01,Oaxaca,20,Oaxaca,20390,Santa Lucía del Camino,49459,52119,1,1,0,43.5,47.6,8.8,70.1,24.5,5.4,99.1,82.4,1,1,1,1
20.01,Oaxaca,20,Oaxaca,20399,Santa María Atzompa,34115,37206,1,1,0,48.6,42.7,8.7,89.7,7.6,2.7,98,48.1,1,1,1,1
20.01,Oaxaca,20,Oaxaca,20403,Santa María Coyotepec,2971,3255,1,1,0,51.4,40.3,8.2,42.8,38.2,19,93.3,18.4,1,1,1,1
20.01,Oaxaca,20,Oaxaca,20409,Santa María del Tule,8918,9409,1,1,0,44,48,8,55.9,33.1,10.9,96.4,57.5,1,1,1,1
20.02,Tehuantepec,20,Oaxaca,20421,Santa María Mixtequilla,4555,4837,0,0,20.4,60.6,16.3,23.1,94.1,0,5.9,81.4,40.4,0,0,1,3
20.02,Tehuantepec,20,Oaxaca,20515,Santo Domingo Tehuantepec,64639,68052,0,1,7.1,79.1,16.4,4.5,88.1,1.5,10.4,87.6,41.5,1,1,1,2
20.01,Oaxaca,20,Oaxaca,20519,Santo Domingo Tomaltepec,2988,3079,1,1,0,59.1,37.4,3.5,92.1,6.6,1.3,81.9,19.3,1,1,1,1
20.01,Oaxaca,20,Oaxaca,20539,Soledad Etla,5591,5930,0,0,4,54.8,32.4,12.9,85.7,2,12.3,88.9,20.2,0,0,1,2
20.01,Oaxaca,20,Oaxaca,20553,Tlalixtac de Cabrera,10208,10912,1,1,0,61,34.1,5,48.5,45.3,6.3,91.5,12.6,1,1,1,1
20.01,Oaxaca,20,Oaxaca,20565,Villa de Zaachila,43279,46846,0,0,4.5,50.2,41.6,8.2,87,6.6,6.4,94.5,36.7,0,0,1,2
21.01,Puebla-Tlaxcala,21,Puebla,21001,Acajete,65048,69076,0,0,9.2,62.1,30.2,7.8,92.1,2.3,5.7,82.8,29.9,0,0,1,2
21.01,Puebla-Tlaxcala,21,Puebla,21015,Amozoc,117244,125961,1,1,0,58.6,37.8,3.6,92.1,3.6,4.4,97.9,51.4,1,1,1,1
21.01,Puebla-Tlaxcala,21,Puebla,21034,Coronango,40949,43151,1,1,0,71.1,26.2,2.7,94.5,4.4,1.1,87.3,19.7,1,1,1,1
21.01,Puebla-Tlaxcala,21,Puebla,21041,Cuautlancingo,112225,126781,1,1,0,66.8,29.5,3.7,82,16.1,1.9,99.4,47,1,1,1,1
21.01,Puebla-Tlaxcala,21,Puebla,21048,Chiautzingo,20441,21492,0,0,14.3,72.5,4,23.5,96.3,0.1,3.6,52.6,13.3,0,1,1,3
21.03,Teziutlán,21,Puebla,21054,Chignautla,34196,36244,1,1,0,67.5,27.4,5.1,92.7,2.8,4.6,84.9,38.8,0,1,1,1
21.01,Puebla-Tlaxcala,21,Puebla,21060,Domingo Arenas,7421,7936,0,0,10.3,70.5,12.7,16.8,93.4,0.5,6.1,65.4,26.1,1,1,1,3
21.01,Puebla-Tlaxcala,21,Puebla,21074,Huejotzingo,73771,78403,0,0,3.9,82.2,12.3,5.5,73.9,8.4,17.7,85.6,43.1,1,1,1,3
21.01,Puebla-Tlaxcala,21,Puebla,21090,Juan C. Bonilla,21253,22555,1,1,0,62.3,32.2,5.5,89.5,4.9,5.6,86.1,21.9,1,1,1,1
21.01,Puebla-Tlaxcala,21,Puebla,21106,Ocoyucan,28220,29976,1,1,0,63.3,24.5,12.2,94.7,3.3,2,80.1,19,0,0,1,1
21.01,Puebla-Tlaxcala,21,Puebla,21114,Puebla,1576259,1698509,1,1,0,96.8,1.2,2,81.9,10.7,7.4,99.2,102.9,0,1,1,1
21.01,Puebla-Tlaxcala,21,Puebla,21119,San Andrés Cholula,137290,154192,1,1,0,61.6,33.1,5.2,90.2,8.7,1.1,94.7,41.3,1,1,1,1
21.01,Puebla-Tlaxcala,21,Puebla,21122,San Felipe Teotlalcingo,10456,11025,0,0,30.5,64,4,32,86.8,4.4,8.9,64,20.3,0,1,1,3
21.01,Puebla-Tlaxcala,21,Puebla,21125,San Gregorio Atzompa,8962,9608,1,1,0,64.2,31.4,4.4,72.4,24.5,3.1,79.3,15.5,0,0,1,1
21.01,Puebla-Tlaxcala,21,Puebla,21132,San Martín Texmelucan,152051,162438,0,0,19.5,86.2,4.8,9,79.9,4.2,15.9,88.2,54.2,1,1,1,3
21.01,Puebla-Tlaxcala,21,Puebla,21136,San Miguel Xoxtla,12341,13310,1,1,0,57.8,32.6,9.6,62.7,23.8,13.5,98.2,44.8,1,1,1,1
21.01,Puebla-Tlaxcala,21,Puebla,21140,San Pedro Cholula,129032,139635,1,1,0,74.9,21.7,3.4,77.9,15.4,6.7,92.6,41.2,1,1,1,1
21.01,Puebla-Tlaxcala,21,Puebla,21143,San Salvador el Verde,31355,33443,0,0,25.4,72.3,2.9,24.8,93.5,0.3,6.3,66.2,23.4,0,1,1,3
21.02,Tehuacán,21,Puebla,21149,Santiago Miahuatlán,25228,27176,1,1,0,64.8,31.7,3.5,92.2,5.8,2,91.3,28.2,0,1,1,1
21.02,Tehuacán,21,Puebla,21156,Tehuacán,319375,339077,1,1,0,95.3,0.3,4.4,89.5,2.1,8.4,94.4,76.1,0,1,1,1
21.01,Puebla-Tlaxcala,21,Puebla,21163,Tepatlaxco de Hidalgo,17472,18470,0,0,5.7,45.7,44.7,9.6,96.8,0.7,2.5,89,42.6,0,0,1,2
21.03,Teziutlán,21,Puebla,21174,Teziutlán,97590,104906,1,1,0,95.2,0.6,4.2,82.4,7,10.6,95,53,0,1,1,1
21.01,Puebla-Tlaxcala,21,Puebla,21181,Tlaltenango,7125,7485,0,0,4,59,32.5,8.5,90.9,8.5,0.5,76,19,1,1,1,3
22.01,Querétaro,22,Querétaro,22006,Corregidora,181684,208076,1,1,0,50.4,45.3,4.3,89.8,6.5,3.7,98.8,78.1,1,1,1,1
22.01,Querétaro,22,Querétaro,22008,Huimilpan,38295,42305,0,0,12.8,57.2,41.1,1.8,88.8,8.1,3.1,86.8,27.4,1,1,1,2
22.01,Querétaro,22,Querétaro,22011,El Marqués,156275,178672,1,1,0,65.2,32.3,2.5,64.7,11,24.3,94.7,58.4,1,1,1,1
22.01,Querétaro,22,Querétaro,22014,Querétaro,878931,976939,1,1,0,96,1.7,2.3,75.4,10.9,13.7,99.2,105.4,1,1,1,1
23.01,Cancún,23,Quintana Roo,23003,Isla Mujeres,19495,23070,1,1,0,89.4,9.9,0.8,86.2,11.5,2.3,93.5,56.3,0,1,1,1
23.02,Chetumal,23,Quintana Roo,23004,Othón P. Blanco,224080,265298,1,0,0,98.4,0,1.6,97.7,0,2.3,89,62.9,n.a.,1,1,1
23.01,Cancún,23,Quintana Roo,23005,Benito Juárez,743626,844698,1,1,0,96.8,0.3,2.9,96.7,0.3,3.1,99.4,104.3,0,1,1,1
24.01,Rioverde,24,San Luis Potosí,24011,Ciudad Fernández,45385,47527,1,1,0,75.5,22.3,2.1,93.9,5.7,0.4,73.7,22.6,1,1,1,1
24.01,Rioverde,24,San Luis Potosí,24024,Rioverde,94191,98982,1,1,0,94.9,2.2,2.8,86.8,10,3.3,82,33.2,1,1,1,1
24.02,San Luis Potosí,24,San Luis Potosí,24028,San Luis Potosí,824229,870578,1,1,0,96.7,0.9,2.4,79.8,12.6,7.6,98.8,103.5,1,1,1,1
24.02,San Luis Potosí,24,San Luis Potosí,24035,Soledad de Graciano Sánchez,309342,328949,1,1,0,52.1,42.3,5.6,94.5,4.6,0.9,98.4,112.8,1,1,1,1
24.02,San Luis Potosí,24,San Luis Potosí,24055,Zaragoza,26236,27163,0,0,18.2,49.3,49,1.7,88.1,9.9,2,95.2,74.4,0,0,1,3
25.01,Culiacán,25,Sinaloa,25006,Culiacán,905265,962871,1,0,0,98.9,0,1.1,97,0,3,90.2,80.8,n.a.,1,1,1
25.02,Mazatlán,25,Sinaloa,25012,Mazatlán,502547,533733,1,0,0,98,0,2,98.9,0,1.1,93.6,88.4,n.a.,1,1,1
26.01,Guaymas,26,Sonora,26025,Empalme,56177,60631,0,0,3.1,87.7,9.5,2.7,89.4,8.8,1.8,80.1,42.5,1,1,1,3
26.01,Guaymas,26,Sonora,26029,Guaymas,158046,171035,1,0,0,94.9,0,5.1,94.4,0,5.6,86.8,55.5,1,1,1,1
26.02,Hermosillo,26,Sonora,26030,Hermosillo,884273,946054,1,0,0,98.7,0,1.3,98.7,0,1.3,95.1,75.1,n.a.,1,1,1
26.03,Nogales,26,Sonora,26043,Nogales,233952,253486,1,0,0,99.5,0,0.5,98.8,0,1.2,99.4,95.8,n.a.,0,1,1
27.01,Villahermosa,27,Tabasco,27004,Centro,684847,739611,1,1,0,95.8,0.3,3.9,82.1,7.4,10.5,97.4,82.8,1,1,1,1
27.01,Villahermosa,27,Tabasco,27013,Nacajuca,138366,149256,1,1,0,45.9,47.5,6.6,92,3,4.9,93.8,107.9,1,1,1,1
28.05,Tampico,28,Tamaulipas,28003,Altamira,235066,255602,1,1,0,75.5,22.2,2.4,77.4,21,1.6,95.2,75.4,1,1,1,1
28.05,Tampico,28,Tamaulipas,28009,Ciudad Madero,209175,223413,1,1,0,72.1,24.5,3.4,78.1,21.5,0.4,99.4,82.1,1,1,1,1
28.02,Matamoros,28,Tamaulipas,28022,Matamoros,520367,546115,1,0,0,99,0,1,99.2,0,0.8,97.2,69.9,n.a.,1,1,1
28.03,Nuevo Laredo,28,Tamaulipas,28027,Nuevo Laredo,399431,421295,1,0,0,99.4,0,0.6,98.2,0,1.8,99.3,70.9,n.a.,1,1,1
28.04,Reynosa,28,Tamaulipas,28032,Reynosa,646202,686670,1,0,0,99.4,0,0.6,94.9,0,5.1,99,73.3,1,1,1,1
28.04,Reynosa,28,Tamaulipas,28033,Río Bravo,126887,133206,0,0,6.8,76.8,22.7,0.6,97.6,1,1.4,94,55.5,1,1,1,2
28.05,Tampico,28,Tamaulipas,28038,Tampico,314418,334535,1,1,0,79.2,17.3,3.5,71.3,26.2,2.5,98.6,95.6,1,1,1,1
28.01,Ciudad Victoria,28,Tamaulipas,28041,Victoria,346029,367051,1,0,0,97.4,0,2.6,98.3,0,1.7,98.1,65.2,n.a.,1,1,1
29.01,Tlaxcala-Apizaco,29,Tlaxcala,29001,Amaxac de Guerrero,11144,12018,1,1,0,34,53.2,12.7,66.2,30.7,3.2,96.8,17.1,0,0,1,1
29.01,Tlaxcala-Apizaco,29,Tlaxcala,29002,Apetatitlán de Antonio Carvajal,15271,16266,1,1,0,43.4,44.9,11.6,41.8,53.2,4.9,97.7,26.3,1,1,1,1
29.01,Tlaxcala-Apizaco,29,Tlaxcala,29005,Apizaco,78624,85176,1,1,0,76.6,14.2,9.2,53.3,33.6,13.1,96.3,56.8,1,1,1,1
29.01,Tlaxcala-Apizaco,29,Tlaxcala,29009,Cuaxomulco,5272,5720,1,1,0,44.7,43.7,11.6,83,14.4,2.6,82.3,7.8,0,0,1,1
29.01,Tlaxcala-Apizaco,29,Tlaxcala,29010,Chiautempan,70011,77435,1,1,0,65.3,25.2,9.5,70.9,25,4.1,96.5,44.5,1,1,1,1
21.01,Puebla-Tlaxcala,29,Tlaxcala,29015,Ixtacuixtla de Mariano Matamoros,38324,41831,0,0,25.2,63.8,4.9,31.3,84.6,1.2,14.2,82.2,23.8,1,1,1,3
21.01,Puebla-Tlaxcala,29,Tlaxcala,29017,Mazatecochco de José María Morelos,10901,11601,1,1,0,85.7,10.1,4.2,88.5,7.1,4.5,86.5,53.4,1,1,1,1
29.01,Tlaxcala-Apizaco,29,Tlaxcala,29018,Contla de Juan Cuamatzi,38330,41267,1,1,0,57.2,30.9,11.8,81.4,17.3,1.3,94.6,31.9,0,1,1,1
21.01,Puebla-Tlaxcala,29,Tlaxcala,29019,Tepetitla de Lardizábal,21060,22733,0,0,15.4,64.7,7.4,27.9,83.1,5.2,11.7,88.1,32.1,1,1,1,3
21.01,Puebla-Tlaxcala,29,Tlaxcala,29022,Acuamanala de Miguel Hidalgo,5925,6934,1,1,0,58.6,27,14.4,36.2,28.8,35,94.4,14.1,1,1,1,1
21.01,Puebla-Tlaxcala,29,Tlaxcala,29023,Natívitas,25053,27294,1,1,0,63.2,17.2,19.6,84.8,6.2,9.1,74.3,19,1,1,1,1
29.01,Tlaxcala-Apizaco,29,Tlaxcala,29024,Panotla,27154,29017,1,1,0,46,34.1,19.9,75.2,15.7,9.1,92,24.2,1,1,1,1
21.01,Puebla-Tlaxcala,29,Tlaxcala,29025,San Pablo del Monte,77242,82542,1,1,0,49.3,49.2,1.5,88,6.5,5.5,95.9,67.3,1,1,1,1
29.01,Tlaxcala-Apizaco,29,Tlaxcala,29026,Santa Cruz Tlaxcala,20242,22062,1,1,0,40.4,42.7,16.9,79.6,18,2.4,94.6,9.5,1,1,1,1
21.01,Puebla-Tlaxcala,29,Tlaxcala,29027,Tenancingo,12834,13938,1,1,0,47.6,46.8,5.6,86.8,11.8,1.4,92.8,32.5,1,1,1,1
21.01,Puebla-Tlaxcala,29,Tlaxcala,29028,Teolocholco,24380,26065,1,1,0,58.1,21.9,20,75.1,6.1,18.9,93.6,21.4,1,1,1,1
21.01,Puebla-Tlaxcala,29,Tlaxcala,29029,Tepeyanco,12047,14396,1,1,0,37,25.2,37.8,55.5,19.2,25.4,91,17.9,1,1,1,1
29.01,Tlaxcala-Apizaco,29,Tlaxcala,29031,Tetla de la Solidaridad,32613,34866,1,1,0,60.3,31.2,8.5,62.1,29.9,8,91.5,17.8,1,1,1,1
21.01,Puebla-Tlaxcala,29,Tlaxcala,29032,Tetlatlahuca,13414,15237,1,1,0,60.2,19.8,20,91,4.9,4.1,78.5,16.4,1,1,1,1
29.01,Tlaxcala-Apizaco,29,Tlaxcala,29033,Tlaxcala,95051,103435,1,1,0,75.1,11.2,13.8,48.1,28.9,23,98.6,40.1,1,1,1,1
29.01,Tlaxcala-Apizaco,29,Tlaxcala,29035,Tocatlán,5843,6306,1,1,0,53.4,32.8,13.8,89.1,8.8,2,82.9,11.2,0,0,1,1
29.01,Tlaxcala-Apizaco,29,Tlaxcala,29036,Totolac,21814,24161,1,1,0,38.4,46.3,15.3,86.5,9.9,3.6,98.6,37.6,1,1,1,1
29.01,Tlaxcala-Apizaco,29,Tlaxcala,29038,Tzompantepec,16359,18563,1,1,0,40.5,49.5,10,77.8,20.3,1.9,92.2,13.1,1,1,1,1
29.01,Tlaxcala-Apizaco,29,Tlaxcala,29039,Xaloztoc,23905,25784,1,1,0,63.2,27.3,9.5,77.9,17.6,4.5,88.9,24.5,1,0,1,1
21.01,Puebla-Tlaxcala,29,Tlaxcala,29041,Papalotla de Xicohténcatl,30364,32591,1,1,0,62,30.1,7.9,61.5,29.6,8.9,95.6,26.7,1,1,1,1
21.01,Puebla-Tlaxcala,29,Tlaxcala,29042,Xicohtzinco,13629,14770,1,1,0,49.3,43.1,7.6,66.1,30.4,3.6,96.6,28.1,1,1,1,1
29.01,Tlaxcala-Apizaco,29,Tlaxcala,29043,Yauhquemehcan,38296,41773,1,1,0,48.2,42.1,9.7,79.4,16.5,4.1,96.2,27.4,1,1,1,1
21.01,Puebla-Tlaxcala,29,Tlaxcala,29044,Zacatelco,42686,47148,1,1,0,57.3,31.2,11.6,70.9,17.8,11.3,94.5,37.8,1,1,1,1
29.01,Tlaxcala-Apizaco,29,Tlaxcala,29048,La Magdalena Tlaltelulco,18873,19967,1,1,0,42.4,37.6,20,58.4,32.4,9.2,96.8,17,0,0,1,1
29.01,Tlaxcala-Apizaco,29,Tlaxcala,29049,San Damián Texóloc,5569,6022,1,1,0,46.1,35.9,18,87.7,7.4,4.9,83.9,24.1,0,0,1,1
29.01,Tlaxcala-Apizaco,29,Tlaxcala,29050,San Francisco Tetlanohcan,10910,11502,1,1,0,46.3,31.8,21.9,86.1,10.2,3.7,86.3,21.3,0,0,1,1
21.01,Puebla-Tlaxcala,29,Tlaxcala,29051,San Jerónimo Zacualpan,3767,4107,1,1,0,47.5,28.9,23.6,74,17.3,8.7,85.1,18.6,1,1,1,1
21.01,Puebla-Tlaxcala,29,Tlaxcala,29053,San Juan Huactzinco,7511,8053,1,1,0,43.4,24.3,32.4,77.7,16.3,6,95.6,29.3,1,1,1,1
21.01,Puebla-Tlaxcala,29,Tlaxcala,29054,San Lorenzo Axocomanitla,5618,6031,1,1,0,38.8,46.2,15,77.6,18.9,3.5,91.8,48.2,1,1,1,1
21.01,Puebla-Tlaxcala,29,Tlaxcala,29056,Santa Ana Nopalucan,7773,8337,0,0,13.6,49,7.9,43.1,38.5,8.1,53.4,84.1,19.3,0,1,1,3
21.01,Puebla-Tlaxcala,29,Tlaxcala,29057,Santa Apolonia Teacalco,4559,4944,1,1,0,54.4,28.3,17.3,96.7,1.2,2.1,73.9,26.8,1,1,1,1
21.01,Puebla-Tlaxcala,29,Tlaxcala,29058,Santa Catarina Ayometla,8817,9500,1,1,0,48.1,41.6,10.3,80.4,14.2,5.4,91.9,17,1,1,1,1
21.01,Puebla-Tlaxcala,29,Tlaxcala,29059,Santa Cruz Quilehtla,7169,7664,1,1,0,60,25.7,14.2,90.4,7.1,2.5,91,17.9,1,1,1,1
29.01,Tlaxcala-Apizaco,29,Tlaxcala,29060,Santa Isabel Xiloxoxtla,4992,5367,1,1,0,39.2,31,29.8,29.1,43.5,27.4,93.1,7.8,0,0,1,1
30.01,Acayucan,30,Veracruz de Ignacio de la Llave,30003,Acayucan,87267,91195,1,1,0,89.4,0.6,10,79.6,6,14.4,82.2,56.1,1,0,1,1
30.07,Veracruz,30,Veracruz de Ignacio de la Llave,30011,Alvarado,52927,56635,0,0,55.9,94.2,1.7,4.1,91.7,3.4,4.9,74.8,82.2,1,1,1,3
30.03,Córdoba,30,Veracruz de Ignacio de la Llave,30014,Amatlán de los Reyes,45430,48007,1,1,0,65.8,26.3,8,84.9,8.7,6.3,80.7,24.9,1,1,1,1
30.05,Orizaba,30,Veracruz de Ignacio de la Llave,30022,Atzacan,21360,22414,0,0,2.8,60.1,29.8,10.2,95.4,3.5,1,66.2,49.5,1,1,1,3
30.08,Xalapa,30,Veracruz de Ignacio de la Llave,30026,Banderilla,24822,24692,1,1,0,41.3,50.2,8.5,52.9,15.4,31.7,97.1,51.1,1,1,1,1
30.07,Veracruz,30,Veracruz de Ignacio de la Llave,30028,Boca del Río,142207,152810,1,1,0,74.5,21.1,4.3,74.1,14.4,11.5,99.3,96.6,1,1,1,1
30.05,Orizaba,30,Veracruz de Ignacio de la Llave,30030,Camerino Z. Mendoza,42347,44880,1,1,0,67.9,23,9.1,73,18.9,8.2,98,70.5,1,1,1,1
30.06,Poza Rica,30,Veracruz de Ignacio de la Llave,30033,Cazones de Herrera,23675,24958,0,0,21.4,85.3,11.3,3.4,96,2.8,1.2,52.1,34.5,1,1,1,3
30.08,Xalapa,30,Veracruz de Ignacio de la Llave,30036,Coacoatzintla,10482,10965,0,0,8.6,59.1,32.8,8.1,91.4,2.2,6.4,75,48.5,0,0,1,2
30.08,Xalapa,30,Veracruz de Ignacio de la Llave,30038,Coatepec,92127,97949,0,0,4.8,70.2,24.9,4.9,82.9,5.3,11.8,89,65.2,1,1,1,2
30.02,Coatzacoalcos,30,Veracruz de Ignacio de la Llave,30039,Coatzacoalcos,319187,339108,1,1,0,94.8,2.1,3.2,85.2,0.8,14,99,80.3,1,1,1,1
30.06,Poza Rica,30,Veracruz de Ignacio de la Llave,30040,Coatzintla,56897,59863,1,1,0,49,45.3,5.6,90.4,5.6,3.9,92.5,71.3,1,1,1,1
30.03,Córdoba,30,Veracruz de Ignacio de la Llave,30044,Córdoba,218153,228703,1,1,0,93.6,2.1,4.3,79.5,11.4,9.1,95.3,92.7,1,1,1,1
30.04,Minatitlán,30,Veracruz de Ignacio de la Llave,30048,Cosoleacaque,129527,145830,1,0,0,56.6,23.5,19.9,88.5,5.8,5.7,95.6,58.6,1,1,1,1
30.04,Minatitlán,30,Veracruz de Ignacio de la Llave,30059,Chinameca,16241,17075,1,0,0,66.2,18,15.8,76.7,14.6,8.6,82.9,19.8,0,0,1,1
30.08,Xalapa,30,Veracruz de Ignacio de la Llave,30065,Emiliano Zapata,78336,84197,0,0,0.7,53.7,37,9.3,87.8,7.7,4.6,86.8,63.7,1,1,1,2
30.03,Córdoba,30,Veracruz de Ignacio de la Llave,30068,Fortín,66168,70428,1,1,0,60.7,30,9.3,81.9,6.5,11.7,91.4,52.3,1,1,1,1
30.05,Orizaba,30,Veracruz de Ignacio de la Llave,30074,Huiloapan de Cuauhtémoc,7221,7636,1,1,0,40.1,53.3,6.6,69,27.9,3.2,97.2,54.6,1,1,1,1
30.05,Orizaba,30,Veracruz de Ignacio de la Llave,30081,Ixhuatlancillo,24896,27351,1,1,0,40.6,48.9,10.5,88.3,10.4,1.4,94,73.4,1,1,1,1
30.02,Coatzacoalcos,30,Veracruz de Ignacio de la Llave,30082,Ixhuatlán del Sureste,15800,16524,0,0,14.3,54.3,42.6,3.1,93.9,4,2.1,92.8,44.8,1,1,1,2
30.05,Orizaba,30,Veracruz de Ignacio de la Llave,30085,Ixtaczoquitlán,68823,72556,1,1,0,65,24.6,10.5,76.4,18.3,5.3,82.9,44.5,1,1,1,1
30.08,Xalapa,30,Veracruz de Ignacio de la Llave,30087,Xalapa,480841,513443,1,1,0,94,0.6,5.3,79,4.1,16.9,98.5,106.9,1,1,1,1
30.04,Minatitlán,30,Veracruz de Ignacio de la Llave,30089,Jáltipan,41644,43828,0,0,9.1,73.6,12.8,13.6,87.6,6.2,6.2,86.1,39.7,0,0,1,3
30.07,Veracruz,30,Veracruz de Ignacio de la Llave,30090,Jamapa,11361,11971,0,0,14.5,53.3,35.1,11.6,90.5,2.4,7.1,78.1,33.9,1,0,1,2
30.08,Xalapa,30,Veracruz de Ignacio de la Llave,30092,Xico,38198,40406,0,0,13.8,61.5,19.9,18.6,92.5,1.7,5.8,76.1,61,0,0,1,2
30.08,Xalapa,30,Veracruz de Ignacio de la Llave,30093,Jilotepec,16682,17572,0,0,2.5,41.3,52.5,6.2,81.3,12.9,5.9,82.5,39.3,1,1,1,2
30.05,Orizaba,30,Veracruz de Ignacio de la Llave,30099,Maltrata,18096,18845,0,0,8.2,75,20.2,4.8,91.3,7.3,1.4,77,33.7,0,0,1,2
30.07,Veracruz,30,Veracruz de Ignacio de la Llave,30100,Manlio Fabio Altamirano,23408,24849,0,0,14.4,60.6,23.7,15.7,93.4,1.6,5,75.6,34.6,0,0,1,2
30.05,Orizaba,30,Veracruz de Ignacio de la Llave,30101,Mariano Escobedo,37285,38503,1,1,0,46.5,45.4,8.1,87.7,8.4,3.9,76.1,106,1,1,1,1
30.07,Veracruz,30,Veracruz de Ignacio de la Llave,30105,Medellín de Bravo,75346,83280,0,0,2.6,43.8,51.4,4.8,87.1,8.4,4.5,94.1,65.9,1,1,1,2
30.04,Minatitlán,30,Veracruz de Ignacio de la Llave,30108,Minatitlán,157393,164357,1,0,0,88.7,2,9.3,69.7,18.9,11.3,85.3,58.8,1,1,1,1
30.05,Orizaba,30,Veracruz de Ignacio de la Llave,30115,Nogales,37908,39768,1,1,0,48.9,41.8,9.3,79.5,16.8,3.7,93.2,58.5,1,1,1,1
30.01,Acayucan,30,Veracruz de Ignacio de la Llave,30116,Oluta,16710,17291,0,0,0.8,59.6,28.8,11.6,86.4,9.1,4.5,89.1,48.4,0,0,1,2
30.05,Orizaba,30,Veracruz de Ignacio de la Llave,30118,Orizaba,126005,134420,1,1,0,87.2,6.7,6,54.2,35,10.8,99.4,81.6,1,1,1,1
30.04,Minatitlán,30,Veracruz de Ignacio de la Llave,30120,Oteapan,16222,17084,1,0,0,39.1,41.1,19.8,88.5,6.2,5.3,96.9,18.1,0,0,1,1
28.05,Tampico,28,Tamaulipas,30123,Pánuco,100549,105926,1,1,0,86.9,10.3,2.7,89.9,4.6,5.5,75.6,40.7,1,1,1,1
30.06,Poza Rica,30,Veracruz de Ignacio de la Llave,30124,Papantla,161097,166496,0,0,10.9,78.7,17.5,3.9,96.1,1.8,2.2,71,50.9,1,1,1,3
30.06,Poza Rica,30,Veracruz de Ignacio de la Llave,30131,Poza Rica de Hidalgo,200119,217773,1,1,0,94.2,1.9,3.9,69.3,15.6,15.1,99.5,70.7,1,1,1,1
28.05,Tampico,28,Tamaulipas,30133,Pueblo Viejo,57646,60978,1,1,0,48.3,48.3,3.4,82.3,14.7,3,89.5,49.3,1,1,1,1
30.05,Orizaba,30,Veracruz de Ignacio de la Llave,30135,Rafael Delgado,23112,24439,1,1,0,49.2,41.2,9.6,90.3,5.4,4.4,82.3,44.5,1,1,1,1
30.08,Xalapa,30,Veracruz de Ignacio de la Llave,30136,Rafael Lucio,8068,8510,0,0,4.5,35.2,58.5,6.3,88.2,5.7,6.2,91.7,37.3,1,0,1,2
30.05,Orizaba,30,Veracruz de Ignacio de la Llave,30138,Río Blanco,41927,44568,1,1,0,50.5,42.9,6.6,69.1,25.7,5.2,99.1,72.6,1,1,1,1
30.05,Orizaba,30,Veracruz de Ignacio de la Llave,30140,San Andrés Tenejapan,2921,3097,0,0,3.7,41.9,50.5,7.6,90.9,6.5,2.6,83.8,35.7,0,0,1,2
30.01,Acayucan,30,Veracruz de Ignacio de la Llave,30145,Soconusco,16363,17083,1,1,0,49.4,35.3,15.3,88.1,5.7,6.2,83.4,40.7,1,0,1,1
30.06,Poza Rica,30,Veracruz de Ignacio de la Llave,30175,Tihuatlán,96418,100967,1,1,0,72.1,22.9,5,91.6,5.9,2.5,78.4,47.4,1,1,1,1
30.08,Xalapa,30,Veracruz de Ignacio de la Llave,30182,Tlalnelhuayocan,18715,19767,1,1,0,26.8,68.6,4.6,91.1,7.3,1.6,90.5,113.3,1,1,1,1
30.05,Orizaba,30,Veracruz de Ignacio de la Llave,30185,Tlilapan,5258,5584,0,0,0.3,49.5,42.5,8,76.2,19.5,4.4,87.9,28,1,1,1,2
30.07,Veracruz,30,Veracruz de Ignacio de la Llave,30193,Veracruz,609964,626918,1,1,0,94.1,3.3,2.6,83,4.3,12.7,99.3,111.6,1,1,1,1
30.03,Córdoba,30,Veracruz de Ignacio de la Llave,30196,Yanga,17896,18981,0,0,7.9,78.7,9.8,11.6,87.4,7.8,4.8,72.2,34.2,1,1,1,3
30.04,Minatitlán,30,Veracruz de Ignacio de la Llave,30199,Zaragoza,11354,11884,0,0,5.6,38.3,50.3,11.4,82.7,14.7,2.7,91,39.3,0,0,1,2
30.02,Coatzacoalcos,30,Veracruz de Ignacio de la Llave,30206,Nanchital de Lázaro Cárdenas del Río,30039,31215,1,1,0,85.1,11.4,3.4,52.9,16.4,30.7,98.7,93.4,1,1,1,1
31.01,Mérida,31,Yucatán,31002,Acanceh,16127,17390,0,0,13,59,36.4,4.6,72.1,10.2,17.7,91.9,21.1,0,0,1,2
31.01,Mérida,31,Yucatán,31013,Conkal,11141,11891,0,0,0.9,41.4,52.6,6,73.9,6.8,19.3,95,13.6,0,1,1,3
31.01,Mérida,31,Yucatán,31038,Hunucmá,32475,34856,0,0,13.8,63.4,32.5,4,88.8,8,3.1,87.1,24.6,0,0,1,2
31.01,Mérida,31,Yucatán,31041,Kanasín,96317,108918,1,1,0,40.3,57.1,2.6,94.1,3,2.9,98.2,51.7,0,1,1,1
31.01,Mérida,31,Yucatán,31050,Mérida,892363,963861,1,1,0,96.3,0.5,3.2,80.5,6.3,13.2,99,59.4,0,1,1,1
31.01,Mérida,31,Yucatán,31063,Samahil,5119,5540,0,0,12.5,44.9,50.8,4.3,76.7,4.5,18.7,81.1,22.8,0,0,1,2
31.01,Mérida,31,Yucatán,31090,Timucuy,7362,7877,0,0,12.6,28.3,66.4,5.3,84.4,11.7,4,88.9,20.7,0,0,1,2
31.01,Mérida,31,Yucatán,31093,Tixkokob,17787,19340,0,0,14.4,62,30,8,81.6,2.9,15.5,94,19.6,0,0,1,3
31.01,Mérida,31,Yucatán,31095,Tixpéhual,5407,5922,0,0,9.6,42.5,43.6,13.8,83.5,10,6.6,93.3,16.4,0,0,1,3
31.01,Mérida,31,Yucatán,31100,Ucú,3682,3963,0,0,1.8,65.4,31.7,2.9,90.9,3.9,5.2,87,9.6,0,1,1,3
31.01,Mérida,31,Yucatán,31101,Umán,55261,58139,1,1,0,66.5,31,2.5,75.1,7.4,17.5,96.9,52.5,0,1,1,1
32.01,Zacatecas-Guadalupe,32,Zacatecas,32017,Guadalupe,187918,199581,1,1,0,68.8,23.1,8.1,87.8,4,8.2,97.1,85.8,1,1,1,1
32.01,Zacatecas-Guadalupe,32,Zacatecas,32032,Morelos,12354,13120,0,0,7.7,67,18.8,14.3,78.4,12.5,9,87.6,42.6,0,0,1,2
32.01,Zacatecas-Guadalupe,32,Zacatecas,32050,Vetagrande,9796,10536,0,0,5.1,60.2,35.4,4.4,88.8,8.7,2.5,80,43.6,0,1,1,2
32.01,Zacatecas-Guadalupe,32,Zacatecas,32056,Zacatecas,146147,155533,1,1,0,90.9,4.1,5,66,21.6,12.4,98.1,94.1,1,1,1,1
32.01,Zacatecas-Guadalupe,32,Zacatecas,32057,Trancoso,19413,20285,0,0,10.8,50.3,39.8,9.8,84.6,10.2,5.2,91,46.8,0,0,1,2